<?xml version="1.0" encoding="utf-8"?>
<Window size="945,372" sizebox="0,0,0,0" mininfo="945,372" maxinfo="945,372" roundcorner="0,0" caption="0,0,0,30">
	<Font id="1000" name="微软雅黑" size="10" bold="false" shared="true"/>
	<Font id="1001" name="微软雅黑" size="10" bold="true" shared="true"/>
	<Font id="1010" name="黑体" size="10" bold="false" shared="true"/>
	<Font id="1011" name="黑体" size="10" bold="true" shared="true"/>
	<Font id="1100" name="微软雅黑" size="11" bold="false" shared="true"/>
	<Font id="1101" name="微软雅黑" size="11" bold="true" shared="true"/>
	<Font id="1110" name="黑体" size="11" bold="false" shared="true"/>
	<Font id="1111" name="黑体" size="11" bold="true" shared="true"/>
	<Font id="1200" name="微软雅黑" size="12" bold="false" shared="true"/>
	<Font id="1201" name="微软雅黑" size="12" bold="true" shared="true"/>
	<Font id="1210" name="黑体" size="12" bold="false" shared="true"/>
	<Font id="1211" name="黑体" size="12" bold="true" shared="true"/>
	<Font id="1400" name="微软雅黑" size="14" bold="false" shared="true"/>
	<Font id="1401" name="微软雅黑" size="14" bold="true" shared="true"/>
	<Font id="1410" name="黑体" size="14" bold="false" shared="true"/>
	<Font id="1411" name="黑体" size="14" bold="true" shared="true"/>
	<Font id="1500" name="微软雅黑" size="15" bold="false" shared="true"/>
	<Font id="1501" name="微软雅黑" size="15" bold="true" shared="true"/>
	<Font id="1510" name="黑体" size="15" bold="false" shared="true"/>
	<Font id="1511" name="黑体" size="15" bold="true" shared="true"/>
	<Font id="1600" name="微软雅黑" size="16" bold="false" shared="true"/>
	<Font id="1601" name="微软雅黑" size="16" bold="true" shared="true"/>
	<Font id="1610" name="黑体" size="16" bold="false" shared="true"/>
	<Font id="1611" name="黑体" size="16" bold="true" shared="true"/>
	<Font id="1700" name="微软雅黑" size="17" bold="false" shared="true"/>
	<Font id="1701" name="微软雅黑" size="17" bold="true" shared="true"/>
	<Font id="1800" name="微软雅黑" size="18" bold="false" shared="true"/>
	<Font id="1801" name="微软雅黑" size="18" bold="true" shared="true"/>
	<Font id="2000" name="微软雅黑" size="20" bold="false" shared="true"/>
	<Font id="2001" name="微软雅黑" size="20" bold="true" shared="true"/>
	<Font id="2010" name="黑体" size="20" bold="false" shared="true"/>
	<Font id="2011" name="黑体" size="20" bold="true" shared="true"/>
	<Font id="3400" name="微软雅黑 Light" size="34" bold="false" shared="true"/>
	<Font id="3401" name="微软雅黑 Light" size="34" bold="true" shared="true"/>

	<Default shared="true" name="VScrollBar" value="button1normalimage=&quot;file='scrollbar.bmp' source='0,90,16,106' mask='#FFFF00FF'&quot; button1hotimage=&quot;file='scrollbar.bmp' source='18,90,34,106' mask='#FFFF00FF'&quot; button1pushedimage=&quot;file='scrollbar.bmp' source='36,90,52,106' mask='#FFFF00FF'&quot; button1disabledimage=&quot;file='scrollbar.bmp' source='54,90,70,106' mask='#FFFF00FF'&quot; button2normalimage=&quot;file='scrollbar.bmp' source='0,108,16,124' mask='#FFFF00FF'&quot; button2hotimage=&quot;file='scrollbar.bmp' source='18,108,34,124' mask='#FFFF00FF'&quot; button2pushedimage=&quot;file='scrollbar.bmp' source='36,108,52,124' mask='#FFFF00FF'&quot; button2disabledimage=&quot;file='scrollbar.bmp' source='54,108,70,124' mask='#FFFF00FF'&quot; thumbnormalimage=&quot;file='scrollbar.bmp' source='0,126,16,142' corner='2,2,2,2' mask='#FFFF00FF'&quot; thumbhotimage=&quot;file='scrollbar.bmp' source='18,126,34,142' corner='2,2,2,2' mask='#FFFF00FF'&quot; thumbpushedimage=&quot;file='scrollbar.bmp' source='36,126,52,142' corner='2,2,2,2' mask='#FFFF00FF'&quot; thumbdisabledimage=&quot;file='scrollbar.bmp' source='54,126,70,142' corner='2,2,2,2' mask='#FFFF00FF'&quot; railnormalimage=&quot;file='scrollbar.bmp' source='0,144,16,160' corner='2,2,2,2' mask='#FFFF00FF'&quot; railhotimage=&quot;file='scrollbar.bmp' source='18,144,34,160' corner='2,2,2,2' mask='#FFFF00FF'&quot; railpushedimage=&quot;file='scrollbar.bmp' source='36,144,52,160' corner='2,2,2,2' mask='#FFFF00FF'&quot; raildisabledimage=&quot;file='scrollbar.bmp' source='54,144,70,160' corner='2,2,2,2' mask='#FFFF00FF'&quot; bknormalimage=&quot;file='scrollbar.bmp' source='0,162,16,178' corner='2,2,2,2' mask='#FFFF00FF'&quot; bkhotimage=&quot;file='scrollbar.bmp' source='18,162,34,178' corner='2,2,2,2' mask='#FFFF00FF'&quot; bkpushedimage=&quot;file='scrollbar.bmp' source='36,162,52,178' corner='2,2,2,2' mask='#FFFF00FF'&quot; bkdisabledimage=&quot;file='scrollbar.bmp' source='54,162,70,178' corner='2,2,2,2' mask='#FFFF00FF'&quot; " />
	<Default shared="true" name="HScrollBar" value="button1normalimage=&quot;file='scrollbar.bmp' source='0,0,16,16' mask='#FFFF00FF'&quot; button1hotimage=&quot;file='scrollbar.bmp' source='18,0,34,16' mask='#FFFF00FF'&quot; button1pushedimage=&quot;file='scrollbar.bmp' source='36,0,52,16' mask='#FFFF00FF'&quot; button1disabledimage=&quot;file='scrollbar.bmp' source='54,0,70,16' mask='#FFFF00FF'&quot; button2normalimage=&quot;file='scrollbar.bmp' source='0,18,16,34' mask='#FFFF00FF'&quot; button2hotimage=&quot;file='scrollbar.bmp' source='18,18,34,34' mask='#FFFF00FF'&quot; button2pushedimage=&quot;file='scrollbar.bmp' source='36,18,52,34' mask='#FFFF00FF'&quot; button2disabledimage=&quot;file='scrollbar.bmp' source='54,18,70,34' mask='#FFFF00FF'&quot; thumbnormalimage=&quot;file='scrollbar.bmp' source='0,36,16,52' corner='2,2,2,2' mask='#FFFF00FF'&quot; thumbhotimage=&quot;file='scrollbar.bmp' source='18,36,34,52' corner='2,2,2,2' mask='#FFFF00FF'&quot; thumbpushedimage=&quot;file='scrollbar.bmp' source='36,36,52,52' corner='2,2,2,2' mask='#FFFF00FF'&quot; thumbdisabledimage=&quot;file='scrollbar.bmp' source='54,36,70,52' corner='2,2,2,2' mask='#FFFF00FF'&quot; railnormalimage=&quot;file='scrollbar.bmp' source='0,54,16,70' corner='2,2,2,2' mask='#FFFF00FF'&quot; railhotimage=&quot;file='scrollbar.bmp' source='18,54,34,70' corner='2,2,2,2' mask='#FFFF00FF'&quot; railpushedimage=&quot;file='scrollbar.bmp' source='36,54,52,70' corner='2,2,2,2' mask='#FFFF00FF'&quot; raildisabledimage=&quot;file='scrollbar.bmp' source='54,54,70,70' corner='2,2,2,2' mask='#FFFF00FF'&quot; bknormalimage=&quot;file='scrollbar.bmp' source='0,72,16,88' corner='2,2,2,2' mask='#FFFF00FF'&quot; bkhotimage=&quot;file='scrollbar.bmp' source='18,72,34,88' corner='2,2,2,2' mask='#FFFF00FF'&quot; bkpushedimage=&quot;file='scrollbar.bmp' source='36,72,52,88' corner='2,2,2,2' mask='#FFFF00FF'&quot; bkdisabledimage=&quot;file='scrollbar.bmp' source='54,72,70,88' corner='2,2,2,2' mask='#FFFF00FF'&quot; " />

	<VerticalLayout bkcolor="#FF0A1724" bordercolor="#FFFFFFFF" bordersize="0" borderround="0,0" inset="1,1,1,1">
			<HorizontalLayout height="50">
			<Control width="10"/>
			<!--
			bkcolor="#FF800000" 
			hotbkcolor="#FFB22222" 
			pushedbkcolor="#FFFF0000"
			-->
			<Option 
			name="BC7F1E5583F8" group="37707EE21B33" 
			padding="0,8,0,0" width="121" height="37" borderround="4,4" 
			text="正在下载" 
			font="1601" textcolor="#FFFFFFFF" 
			selectedbkcolor="#FF132130"
			/>
			
			<Control width="10"/>
			
			<Option name="7F3985EFCB8E" group="37707EE21B33" 
			padding="0,8,0,0" width="121" height="37" borderround="4,4" 
			text="下载完成" 
			font="1601" textcolor="#FFFFFFFF" 
			selectedbkcolor="#FF132130" 
			/>
						
			<!--
			<Label name="234F20A6" text="pcdown® manager model" font="1201" textcolor="#FFFFFFFF" align="left" padding="0,0,0,0"/>
			<Button name="0B3A1B17" tooltip="" width="34" height="20" padding="0,5,5,0" normalimage="file='images/system_title_mini.png' source='0,0,34,20' dest='0,0,0,0'" hotimage="file='images/system_title_mini.png' source='0,20,34,40' dest='0,0,0,0'" pushedimage="file='images/system_title_mini.png' source='0,40,34,60' dest='0,0,0,0'"/>
			-->
			<!--<Control width="1"/>-->
			<Control/>
			<Button name="7A98852B5AD7" padding="0,11,11,0" width="16" height="16" normalimage="images/btn_dwon_system_close.png"/>
		</HorizontalLayout>		
		
		<Control height="12"/>
	
		<TabLayout name="F8CB64B38563">
				
			<!--正在下载-->
		 <VerticalLayout>		
				<TabLayout name="D6B8863320C6">
					<!--没有下载任务-->
					<VerticalLayout>						
						<Control padding="416,42,0,0" width="95" height="75" bkimage="images/img_down_normal.png"/>
						<Label padding="383,17,0,0" text="暂时没有下载任务" font="2010" textcolor="#FFFFFFFF" align="left"/>
						<Button name="A66590EB6D37" padding="405,17,0,0" text="浏览游戏" font="1610" width="136" height="40" borderround="4,4" textcolor="#FFFFFFFF" bkcolor="#FF46E1FF" bkcolor2="#FF2A76FF"/>
					</VerticalLayout>
					
					<VerticalLayout>
						<!--正在下载列表-->
						<List name="0B36A7206C94" header="hidden" vscrollbar="true" hscrollbar="false" bkcolor="#FF0A1724" itemselectedbkcolor="#FF0A1724" itemhotbkcolor="#FF0A1724" textcolor="#FFFFFFFF" itemselectedtextcolor="#FFFFFFFF">					
							<!--
							<ListHeader height="40" bkcolor="#FFF7F7F7" bordersize="0" bordercolor="#FF3C3C3C">
							<ListHeaderItem text="全选" textcolor="#FF000000" font="1621" width="120" align="center" textpadding="30,0,0,0" />
							<ListHeaderItem text="名字" textcolor="#FF000000" font="1621" width="300" align="left" textpadding="0,0,0,0" />
							<ListHeaderItem text="版本" textcolor="#FF000000" font="1621" width="150" align="center" textpadding="0,0,0,0" />
							<ListHeaderItem text="大小" textcolor="#FF000000" font="1621" width="150" align="center" textpadding="0,0,0,0" />
							<ListHeaderItem text="操作" textcolor="#FF000000" font="1621" width="0" align="center" textpadding="0,0,0,0" />
							</ListHeader>
							-->
						</List>
					</VerticalLayout>
				</TabLayout>
			</VerticalLayout>
			<!--下载完成-->
			<VerticalLayout>
				<TabLayout name="516D679BA67B">
					<!--本地资源为空-->
					<VerticalLayout>						
						<Control padding="416,42,0,0" width="95" height="75" bkimage="images/img_down_normal.png"/>
						<Label padding="383,17,0,0" text="本地未有游戏资源" font="2010" textcolor="#FFFFFFFF" align="left"/>
						<Button name="6DBE42A6ACC5" padding="405,17,0,0" text="浏览游戏" font="1610" width="136" height="40" borderround="4,4" textcolor="#FFFFFFFF" bkcolor="#FF46E1FF" bkcolor2="#FF2A76FF"/>
					</VerticalLayout>	
					
					<!--本地存在资源-->
					<VerticalLayout>
						<!--下载完成列表-->
						<List name="CB0884D16B20" header="hidden" vscrollbar="true" hscrollbar="false" itemselectedbkcolor="FF10B4BD" textcolor="#FF666666" itemselectedtextcolor="#FFFFFFFF">
						</List>
					</VerticalLayout>
				</TabLayout>
			</VerticalLayout>
		</TabLayout>

	</VerticalLayout>
	
</Window>