<?xml version="1.0" encoding="utf-8"?>
<Window size="900,600" sizebox="5,5,5,5" mininfo="900,600" maxinfo="0,0" roundcorner="0,0" caption="0,0,0,50">
	<Font id="1100" name="微软雅黑" size="11" bold="false" shared="true"/>
	<Font id="1101" name="微软雅黑" size="11" bold="true" shared="true"/>
	<Font id="1200" name="微软雅黑" size="12" bold="false" shared="true"/>
	<Font id="1201" name="微软雅黑" size="12" bold="true" shared="true"/>
	<Font id="1210" name="黑体" size="12" bold="false" shared="true"/>
	<Font id="1211" name="黑体" size="12" bold="true" shared="true"/>
	<Font id="1250" name="黑体" size="12" bold="false" shared="false"/>
	<Font id="1251" name="黑体" size="12" bold="true" shared="false"/>
	<Font id="1400" name="微软雅黑" size="14" bold="false" shared="true"/>
	<Font id="1401" name="微软雅黑" size="14" bold="true" shared="true"/>
	<Font id="1410" name="黑体" size="14" bold="false" shared="true"/>
	<Font id="1411" name="黑体" size="14" bold="true" shared="true"/>
	<Font id="1500" name="微软雅黑" size="15" bold="false" shared="true"/>
	<Font id="1501" name="微软雅黑" size="15" bold="true" shared="true"/>
	<Font id="1600" name="微软雅黑" size="16" bold="false" shared="true"/>
	<Font id="1601" name="微软雅黑" size="16" bold="true" shared="true"/>
	<Font id="1610" name="黑体" size="16" bold="false" shared="true"/>
	<Font id="1611" name="黑体" size="16" bold="true" shared="true"/>
	<Font id="1700" name="微软雅黑" size="17" bold="false" shared="true"/>
	<Font id="1701" name="微软雅黑" size="17" bold="true" shared="true"/>
	<Font id="1800" name="微软雅黑" size="18" bold="false" shared="true"/>
	<Font id="1801" name="微软雅黑" size="18" bold="true" shared="true"/>
	<Font id="2000" name="微软雅黑" size="20" bold="false" shared="true"/>
	<Font id="2001" name="微软雅黑" size="20" bold="true" shared="true"/>
	<Font id="2010" name="黑体" size="20" bold="false" shared="true"/>
	<Font id="2011" name="黑体" size="20" bold="true" shared="true"/>
	<Font id="3400" name="微软雅黑 Light" size="34" bold="false" shared="true"/>
	<Font id="3401" name="微软雅黑 Light" size="34" bold="true" shared="true"/>

	<Default shared="true" name="VScrollBar" value="button1normalimage=&quot;file='images/scrollbar.bmp' source='0,90,16,106' mask='#FFFF00FF'&quot; button1hotimage=&quot;file='images/scrollbar.bmp' source='18,90,34,106' mask='#FFFF00FF'&quot; button1pushedimage=&quot;file='images/scrollbar.bmp' source='36,90,52,106' mask='#FFFF00FF'&quot; button1disabledimage=&quot;file='images/scrollbar.bmp' source='54,90,70,106' mask='#FFFF00FF'&quot; button2normalimage=&quot;file='images/scrollbar.bmp' source='0,108,16,124' mask='#FFFF00FF'&quot; button2hotimage=&quot;file='images/scrollbar.bmp' source='18,108,34,124' mask='#FFFF00FF'&quot; button2pushedimage=&quot;file='images/scrollbar.bmp' source='36,108,52,124' mask='#FFFF00FF'&quot; button2disabledimage=&quot;file='images/scrollbar.bmp' source='54,108,70,124' mask='#FFFF00FF'&quot; thumbnormalimage=&quot;file='images/scrollbar.bmp' source='0,126,16,142' corner='2,2,2,2' mask='#FFFF00FF'&quot; thumbhotimage=&quot;file='images/scrollbar.bmp' source='18,126,34,142' corner='2,2,2,2' mask='#FFFF00FF'&quot; thumbpushedimage=&quot;file='images/scrollbar.bmp' source='36,126,52,142' corner='2,2,2,2' mask='#FFFF00FF'&quot; thumbdisabledimage=&quot;file='images/scrollbar.bmp' source='54,126,70,142' corner='2,2,2,2' mask='#FFFF00FF'&quot; railnormalimage=&quot;file='images/scrollbar.bmp' source='0,144,16,160' corner='2,2,2,2' mask='#FFFF00FF'&quot; railhotimage=&quot;file='images/scrollbar.bmp' source='18,144,34,160' corner='2,2,2,2' mask='#FFFF00FF'&quot; railpushedimage=&quot;file='images/scrollbar.bmp' source='36,144,52,160' corner='2,2,2,2' mask='#FFFF00FF'&quot; raildisabledimage=&quot;file='images/scrollbar.bmp' source='54,144,70,160' corner='2,2,2,2' mask='#FFFF00FF'&quot; bknormalimage=&quot;file='images/scrollbar.bmp' source='0,162,16,178' corner='2,2,2,2' mask='#FFFF00FF'&quot; bkhotimage=&quot;file='images/scrollbar.bmp' source='18,162,34,178' corner='2,2,2,2' mask='#FFFF00FF'&quot; bkpushedimage=&quot;file='images/scrollbar.bmp' source='36,162,52,178' corner='2,2,2,2' mask='#FFFF00FF'&quot; bkdisabledimage=&quot;file='images/scrollbar.bmp' source='54,162,70,178' corner='2,2,2,2' mask='#FFFF00FF'&quot; " />
	<Default shared="true" name="HScrollBar" value="button1normalimage=&quot;file='images/scrollbar.bmp' source='0,0,16,16' mask='#FFFF00FF'&quot; button1hotimage=&quot;file='images/scrollbar.bmp' source='18,0,34,16' mask='#FFFF00FF'&quot; button1pushedimage=&quot;file='images/scrollbar.bmp' source='36,0,52,16' mask='#FFFF00FF'&quot; button1disabledimage=&quot;file='images/scrollbar.bmp' source='54,0,70,16' mask='#FFFF00FF'&quot; button2normalimage=&quot;file='images/scrollbar.bmp' source='0,18,16,34' mask='#FFFF00FF'&quot; button2hotimage=&quot;file='images/scrollbar.bmp' source='18,18,34,34' mask='#FFFF00FF'&quot; button2pushedimage=&quot;file='images/scrollbar.bmp' source='36,18,52,34' mask='#FFFF00FF'&quot; button2disabledimage=&quot;file='images/scrollbar.bmp' source='54,18,70,34' mask='#FFFF00FF'&quot; thumbnormalimage=&quot;file='images/scrollbar.bmp' source='0,36,16,52' corner='2,2,2,2' mask='#FFFF00FF'&quot; thumbhotimage=&quot;file='images/scrollbar.bmp' source='18,36,34,52' corner='2,2,2,2' mask='#FFFF00FF'&quot; thumbpushedimage=&quot;file='images/scrollbar.bmp' source='36,36,52,52' corner='2,2,2,2' mask='#FFFF00FF'&quot; thumbdisabledimage=&quot;file='images/scrollbar.bmp' source='54,36,70,52' corner='2,2,2,2' mask='#FFFF00FF'&quot; railnormalimage=&quot;file='images/scrollbar.bmp' source='0,54,16,70' corner='2,2,2,2' mask='#FFFF00FF'&quot; railhotimage=&quot;file='images/scrollbar.bmp' source='18,54,34,70' corner='2,2,2,2' mask='#FFFF00FF'&quot; railpushedimage=&quot;file='images/scrollbar.bmp' source='36,54,52,70' corner='2,2,2,2' mask='#FFFF00FF'&quot; raildisabledimage=&quot;file='images/scrollbar.bmp' source='54,54,70,70' corner='2,2,2,2' mask='#FFFF00FF'&quot; bknormalimage=&quot;file='images/scrollbar.bmp' source='0,72,16,88' corner='2,2,2,2' mask='#FFFF00FF'&quot; bkhotimage=&quot;file='images/scrollbar.bmp' source='18,72,34,88' corner='2,2,2,2' mask='#FFFF00FF'&quot; bkpushedimage=&quot;file='images/scrollbar.bmp' source='36,72,52,88' corner='2,2,2,2' mask='#FFFF00FF'&quot; bkdisabledimage=&quot;file='images/scrollbar.bmp' source='54,72,70,88' corner='2,2,2,2' mask='#FFFF00FF'&quot; " />
	
	<VerticalLayout bkcolor="#FFDCDCDC" bordercolor="#FF696969" bordersize="1" borderround="0,0" inset="1,1,1,1">
		<!--Titlebar-->
		<HorizontalLayout bkcolor="#FF808080" height="50">
		
		</HorizontalLayout>
		
		<!--Body-->
		<HorizontalLayout>
			<!--Control panel-->
		 <VerticalLayout width="200" bkcolor="#FFC0C0C0">
				<Option 
				name="C4B5FC399A8D" group="C661C4387619" 
				padding="2,2,2,2"  
				text="TABBUTTON" 
				font="1600" 
				bkcolor="#FF000000"
				textcolor="#FFFFFFFF" 
				selectedbkcolor="#FFFFFF00"
				/>
				
				<Control height="10"/>
				<Option 
				name="6134D6C0FADC" group="C661C4387619" 
				padding="2,2,2,2"  
				text="TABBUTTON" 
				font="1600" 
				bkcolor="#FF000000"
				textcolor="#FFFFFFFF" 
				selectedbkcolor="#FFFFFF00"
				/>
			</VerticalLayout>
		
			<!--Pages-->
			<TabLayout name="1E4BC95731E9">
				<VerticalLayout>
					<Cef3Browser name="66FDBED1762D"/>
				</VerticalLayout>
			
				<VerticalLayout>
					<Cef3Browser name="4C30763C4D6A"/>
				</VerticalLayout>
			</TabLayout>
		
		</HorizontalLayout>
		
		<!--Statusbar-->
		<HorizontalLayout bkcolor="#FF808080" height="38">
		
		</HorizontalLayout>
		
	</VerticalLayout>
	
</Window>