<?xml version="1.0" encoding="utf-8"?>
<Window>
<!--
bkcolor="#FF0E1E30" bkcolor="#FF0E1E30" 
bordercolor="#FF0A1724" bordersize="5"
-->
	<ListContainerElement name="89AF1FBB3D8B" height="140" bkcolor="#FF0E1E30" bordercolor="#FF0A1724" bordersize="5">
		<!--logo image-->
		<VerticalLayout width="224">				
				<Control name="CCB822F77204" padding="12,12,0,0" height="117" bkimage="images/default_game_logo.png" />
		</VerticalLayout>
		<!--Down resource name-->
		<VerticalLayout width="300">
			<Control height="19"/>
			
			<Label name="DD0FB204BE1D" height="20" padding="16,0,0,0" font="1511" text="资源(游戏)名字" textcolor="#FFFFFFFF"/>			
			
			<Control height="19"/>
			
			<VerticalLayout padding="16,0,0,0" height="15">
				<HorizontalLayout>
				<Progress name="90352B27A442" 
				padding="0,0,0,0"
				width="215" 
				borderround="2,2"
				bkimage="file='images/progress_task_node.png' source='3,11,5,13'" 
				foreimage="file='images/progress_task_node.png' source='3,3,5,5'" 
				min="0" max="10000" value="6666">
				</Progress>
				<Label name="76E1ED97A767" padding="0,0,0,0" font="1210" text="0.0 B" align="center" textcolor="#FFFFFFFF"/>
				<Label float="true" name="56E157AE72A8" pos="180,0,210,14" font="1110" text="" textcolor="#FF000000"/>
				<Control width="5"/>
				</HorizontalLayout>
			</VerticalLayout>
			
			<Control height="17"/>
			
			<HorizontalLayout height="12" padding="17,0,0,0">
				<HorizontalLayout align="left">
					<Label name="E509EB1128BD" font="1210" width="55" text="资源大小: " textcolor="#FFFFFFFF"/>
					<Label name="E4BD5BC33011" font="1210" text="--/--" textcolor="#FFFFFFFF"/>
				</HorizontalLayout>
				<Control width="5"/>
				<HorizontalLayout width="100" align="right">
					<Label font="1210" text="预计时间: " textcolor="#FFFFFFFF"/>
					<Label name="D1C4FD362124" font="1210" text="--:--:--" textcolor="#FFFFFFFF"/>
				</HorizontalLayout>
			</HorizontalLayout>
			
			<Control/>		
		</VerticalLayout>			
		
		<!--Down progerss-->
		<VerticalLayout width="150" padding="0,0,0,10">
			<Control/>
				<HorizontalLayout>
					<Control width="5"/>
					<Label font="1410" width="65" text="会员加速: " align="left" textcolor="#FFFFBB00"/>
					<Label name="F5E1F8FAD133" font="1410" text="--" align="left" textcolor="#FFFFBB00"/>
				</HorizontalLayout>
			<Control/>
		</VerticalLayout>		
  <!--Down info-->
		<VerticalLayout padding="0,0,0,10">
			<Control/>
			<Button 
			name="206A32DD46D5" 
			text="开通会员" font="1610" width="136" height="40" borderround="4,4" 
			textcolor="#FFFFFFFF" bkcolor="#FF46E1FF" bkcolor2="#FF2A76FF"/>
			<Control/>
		</VerticalLayout>
		<!--Down control-->	
		<VerticalLayout width="50">
			<Control/>
			<Option name="06A057E7350B"
			selected="false" 				
			width="35"
			height="35"
			normalimage="images/btn_down_start.png"
			selectedimage="images/btn_dwon_pause.png"
			/>

			<Control height="12"/>

			<Option name="D90336733AF1"
			selected="false" 				
			width="35"
			height="35"
			normalimage="images/btn_down_reset.png"
			selectedimage="images/btn_down_reset.png"
			/>

			<Control/>
		</VerticalLayout>			
		<!--Down exit-->
		<VerticalLayout width="30">
			<HorizontalLayout>
				<Control/>
				<Button 
				padding="0,11,16,0"
				name="469E58562CD1" 
				width="18" height="18" 
				bkimage="images/btn_dwon_exit.png"/>
			</HorizontalLayout>
		</VerticalLayout>	
	</ListContainerElement>
</Window>